species_code,species_group_id
PZC,1
ALC,1
PHO,1
ANT,1
BSF,1
API,1
ARU,1
ALF,1
TVY,1
CWO,1
CFB,1
CYO,1
CYP,1
KEF,1
CMO,1
HXC,1
RNG,1
SCK,1
DCA,1
EPI,1
ETR,1
ETX,1
SHO,1
GAM,1
BRF,1
SBL,1
ORY,1
HPR,1
CYH,1
SFS,1
LKK,1
RTX,1
RHG,1
BLI,1
RIB,1
NNN,1
OXN,1
SBR,1
WRF,1
RJY,1
RJG,1
JAD,1
GHL,1
RCT,1
SYR,1
SFV,1
GSK,1
NEN,1
TJX,1
CLX,2
NLX,2
ODQ,2
NOQ,2
NPV,2
NXX,2
NDQ,2
NDL,2
BQB,2
BQU,2
NRQ,2
RQP,2
NDC,2
KFC,2
MCL,2
RKM,2
BQF,2
NJG,2
NDM,2
RKQ,2
NQR,2
NDU,2
NDV,2
DRG,2
NIL,2
FCL,2
FCD,2
BLC,2
DOO,2
FCR,2
FCI,2
BIJ,2
AKQ,2
NDO,2
NQT,2
RAW,2
NDZ,2
NDN,2
FKP,2
NDT,2
NDE,2
DOE,2
RQV,2
RQZ,2
BLS,2
ARK,2
BJX,2
NKX,2
ACB,2
FCE,2
FTX,2
CLQ,2
FGR,2
KDO,2
YKR,2
AKK,2
YKA,2
VKA,2
KDR,2
VKS,2
KCC,2
TKQ,2
FGE,2
TQO,2
KTS,2
TQQ,2
FGD,2
MDQ,2
TIX,2
GKS,2
LVV,2
LVL,2
TQP,2
FVP,2
KTU,2
TIQ,2
YKS,2
AKJ,2
TQR,2
KTT,2
KFX,2
ZCZ,2
KCW,2
KCL,2
COC,2
MDK,2
YNK,2
KTG,2
QRG,2
LVC,2
LVO,2
COZ,2
DKR,2
FVM,2
FVX,2
KZX,2
TDX,2
YKU,2
YWX,2
KBX,2
KTF,2
KDJ,2
YCI,2
KDB,2
KDQ,2
KDT,2
BNG,2
KML,2
KMS,2
KMB,2
KMP,2
CMA,2
CMM,2
CLF,2
YMB,2
YMK,2
YMI,2
YMA,2
YME,2
CMJ,2
YMX,2
BVL,2
YMR,2
YGX,2
YMT,2
VIY,2
UCL,2
IFR,2
IFT,2
IFB,2
GLX,2
DXH,2
DXV,2
DNI,2
DOV,2
DXN,2
DXC,2
DXK,2
IFD,2
DNE,2
DXE,2
DXD,2
DOG,2
DNY,2
DXI,2
DXJ,2
IFV,2
DXX,2
DXA,2
DXT,2
DXF,2
DNT,2
DNS,2
DXQ,2
DXO,2
DXL,2
GKX,2
IFX,2
DON,2
DRP,2
YIH,2
YSQ,2
EGW,2
FIV,2
FIF,2
GKV,2
GQH,2
GCK,2
GKL,2
GCV,2
GKR,2
GKG,2
GKU,2
UCR,2
UCP,2
GCJ,2
GCC,2
GLV,2
GJF,2
GKO,2
GCD,2
YRX,2
YTQ,2
YOH,2
NPQ,2
HXD,2
ZHA,2
GEX,2
JPB,2
PQV,2
GEC,2
IMA,2
IMX,2
IGQ,2
IMR,2
IOJ,2
IGH,2
IMP,2
ELV,2
ERX,2
TNX,2
AVI,2
DSG,2
IMV,2
IML,2
IMT,2
KTR,2
KTX,2
LQI,2
KLX,2
KKI,2
KKP,2
EWQ,2
EWX,2
LQB,2
EKL,2
NQE,2
LQU,2
ULK,2
KKT,2
KKO,2
HCL,2
MTV,2
QZW,2
QZX,2
CLT,2
ULT,2
EQR,2
MQC,2
MQJ,2
UTL,2
UTA,2
UTM,2
UTE,2
UOQ,2
UQX,2
MQH,2
MQD,2
MQG,2
MQS,2
MQK,2
MQO,2
MQQ,2
AQS,2
MKQ,2
WMC,2
AQF,2
MQX,2
MQN,2
AQG,2
MQZ,2
MQY,2
MAG,2
AQJ,2
MQR,2
CLB,2
MQM,2
MQW,2
HVV,2
AQW,2
WMX,2
MAT,2
MWQ,2
MUN,2
QHD,2
UNE,2
ZEC,2
RIX,2
RGQ,2
RGD,2
PQQ,2
ULO,2
ULV,2
SSD,2
TSX,2
TQK,2
TQU,2
TQZ,2
EQB,2
USG,2
EQM,2
LQG,2
DJC,2
CLM,2
KDS,2
EQT,2
EBX,2
EQU,2
EQV,2
AFQ,2
AKX,2
CLS,2
MWA,2
YTK,2
BFF,2
BFH,2
YUM,2
LFN,2
LFS,2
LFF,2
GKD,2
IHR,2
NJX,2
KUK,2
UUH,2
DJM,2
DJD,2
DLC,2
DJB,2
DJF,2
DJU,2
DJE,2
DJQ,2
DJX,2
DJN,2
DJH,2
DLQ,2
TVS,2
DJI,2
MOD,2
DJK,2
DJO,2
MUJ,2
MYC,2
MSC,2
CHC,2
MUS,2
MUK,2
PQJ,2
MYA,2
YEG,2
MSR,2
MUZ,2
MSL,2
YEP,2
YER,2
MSM,2
YUP,2
MSV,2
MYV,2
MSX,2
XMS,2
YUO,2
YUD,2
YUS,2
MSI,2
DOF,2
FRB,2
EQO,2
OLQ,2
YDH,2
KAN,2
OYL,2
KAY,2
OYI,2
OYU,2
KBL,2
DDO,2
LFI,2
OYA,2
CSI,2
OYS,2
OYR,2
OYM,2
OYG,2
OGZ,2
KRL,2
YKG,2
DDF,2
IOK,2
QOS,2
UOG,2
KOU,2
OCH,2
ODE,2
OYF,2
DRY,2
OYH,2
OFO,2
KNP,2
CSC,2
OYC,2
OST,2
OYX,2
OGQ,2
OAH,2
ODW,2
OBF,2
OAQ,2
OYN,2
KOL,2
OAK,2
KOM,2
KOX,2
OZX,2
IOM,2
QPF,2
QPT,2
KLJ,2
CMF,2
KLH,2
KMV,2
KLD,2
SCE,2
EKY,2
EKD,2
EKV,2
SJA,2
MVY,2
KTE,2
QCB,2
INQ,2
KTJ,2
DMK,2
SCA,2
SSC,2
SCZ,2
SCG,2
KTO,2
KTN,2
PSU,2
SCB,2
SCC,2
ZYP,2
ISC,2
UMP,2
UMJ,2
UMY,2
UDV,2
CMN,2
EKZ,2
SCX,2
KTZ,2
VSC,2
VOS,2
JSC,2
LAQ,2
BAV,2
SCQ,2
FXG,2
NKF,2
GLQ,2
DEI,2
KMM,2
FXF,2
YRD,2
YKD,2
FXP,2
DKD,2
KLN,2
SCH,2
MPX,2
SWW,2
QSC,2
ZYE,2
YIU,2
PIX,2
PKH,2
BQS,2
FLK,2
FOO,2
YPK,2
MJX,2
BEQ,2
FOD,2
BQM,2
BQD,2
TXP,2
BQT,2
FJX,2
IAK,2
NAJ,2
TQF,2
PJQ,2
PQB,2
TQM,2
TQX,2
TQE,2
NNW,2
TQC,2
TQY,2
RNY,2
IDX,2
UNA,2
UNF,2
FWX,2
HXF,2
GQM,2
HUQ,2
NUY,2
GQE,2
GIF,2
GJT,2
GJQ,2
GJU,2
GJD,2
GIX,2
OIF,2
UTN,2
FSV,2
UNU,2
UJX,2
TEW,2
EHJ,2
TPV,2
OSH,2
PNX,2
PTE,2
PNF,2
IKM,2
IZX,2
IKN,2
IKP,2
IKH,2
IKI,2
IKS,2
PNM,2
IDR,2
IDM,2
TXX,2
OBN,2
TUW,2
EMQ,2
SRZ,2
XML,2
FRL,2
ZNB,2
SVT,2
KUT,2
ZNC,2
UUT,2
UUX,2
TLX,2
TEY,2
GLW,2
TGZ,2
TEX,2
GHX,2
OMX,2
SVU,2
EQK,2
RAE,2
ENY,2
EGN,2
CLR,2
ONK,2
RAC,2
RAP,2
FLJ,2
OEX,2
SVD,2
FLC,2
EQE,2
EQI,2
EQX,2
RAZ,2
SOI,2
UOX,2
EQH,2
LNX,2
ULN,2
IQA,2
IQR,2
IQX,2
IQW,2
SQD,2
SGX,2
SVK,2
SVM,2
SQV,2
DYB,2
DUL,2
DSV,2
OOQ,2
ONF,2
DSJ,2
DYD,2
OUQ,2
DZX,2
DYM,2
DYJ,2
YKX,2
GTG,2
DSK,2
MQF,2
ZMC,2
OKC,2
OVX,2
MKD,2
MKZ,2
MCZ,2
KMC,2
TQL,2
TXF,2
TQT,2
TQS,2
TXS,2
EQN,2
ENW,2
TFK,2
LIQ,2
TXH,2
TXT,2
TNZ,2
YMH,2
LLF,2
EIX,2
YIY,2
TQI,2
EQC,2
TLY,2
LLX,2
EQJ,2
TQV,2
TWL,2
BCQ,2
YRK,2
HQY,2
HQN,2
DKX,2
DKC,2
HJQ,2
HIP,2
TDD,2
TDS,2
TDG,2
QQX,2
SWT,2
FSH,2
WCP,2
EPQ,2
HZC,2
ZSU,2
LFK,2
MFC,2
MFY,2
MVS,2
UBD,2
YGR,2
WSD,2
VLI,2
AYQ,2
ITU,2
NKB,2
SZN,2
KNN,2
KNF,2
KNX,2
KNU,2
GFK,2
GFJ,2
GFD,2
GFP,2
KKS,2
KKC,2
KEX,2
DOR,2
VUD,2
VUC,2
TPS,2
BCL,2
KNJ,2
HCA,2
HCJ,2
MXL,2
DNJ,2
EKP,2
EHX,2
ERF,2
EZX,2
FZX,2
FDW,2
FDX,2
KSM,2
KSN,2
KAX,2
IFM,2
RFM,2
EKK,2
EAX,2
MXK,2
MXH,2
HCX,2
UTU,2
UTC,2
DOI,2
DNK,2
DSX,2
DSO,2
DSZ,2
RTV,2
PTS,2
FAG,2
CTG,2
TBC,2
TQJ,2
TQD,2
CLJ,2
VNA,2
PAU,2
VNR,2
FAE,2
TCL,2
FAT,2
IPP,2
NCL,2
EGI,2
SVE,2
CLV,2
IKK,2
ITS,2
ITL,2
ITD,2
ITI,2
IKO,2
IAC,2
ITT,2
ITQ,2
IUX,2
ITJ,2
DOC,2
CLH,2
KFR,2
EGU,2
VEV,2
EGE,2
GTQ,2
EGK,2
VUF,2
RQE,2
SXI,2
XDP,2
XDX,2
TWG,2
TVB,2
TVT,2
TVP,2
QUZ,2
TVL,2
TVM,2
TVV,2
TVW,2
NWP,2
VEN,2
VNI,2
VNG,2
KIP,2
JTT,2
KIK,2
KFA,2
RQC,2
KNK,2
NAQ,2
GFQ,2
KIO,2
RQT,2
KYJ,2
KIU,2
KYM,2
RQG,2
VNU,2
KIG,2
ROQ,2
KTH,2
KID,2
VEX,2
KIS,2
KMT,2
TVR,2
KLK,2
EGA,2
EGQ,2
CLX,4
NLX,4
ODQ,4
NOQ,4
NPV,4
NXX,4
NDQ,4
NDL,4
BQB,4
BQU,4
NRQ,4
RQP,4
NDC,4
KFC,4
MCL,4
RKM,4
BQF,4
NJG,4
NDM,4
RKQ,4
NQR,4
NDU,4
NDV,4
DRG,4
NIL,4
FCL,4
FCD,4
BLC,4
DOO,4
FCR,4
FCI,4
BIJ,4
AKQ,4
NDO,4
NQT,4
RAW,4
NDZ,4
NDN,4
FKP,4
NDT,4
NDE,4
DOE,4
RQV,4
RQZ,4
BLS,4
ARK,4
BJX,4
NKX,4
ACB,4
FCE,4
FTX,4
CLQ,4
FGR,4
KDO,4
YKR,4
AKK,4
YKA,4
VKA,4
KDR,4
VKS,4
KCC,4
TKQ,4
FGE,4
TQO,4
KTS,4
TQQ,4
FGD,4
MDQ,4
TIX,4
GKS,4
LVV,4
LVL,4
TQP,4
FVP,4
KTU,4
TIQ,4
YKS,4
AKJ,4
TQR,4
KTT,4
KFX,4
ZCZ,4
KCW,4
KCL,4
COC,4
MDK,4
YNK,4
KTG,4
QRG,4
LVC,4
LVO,4
COZ,4
DKR,4
FVM,4
FVX,4
KZX,4
TDX,4
YKU,4
YWX,4
KBX,4
KTF,4
KDJ,4
YCI,4
KDB,4
KDQ,4
KDT,4
BNG,4
KML,4
KMS,4
KMB,4
KMP,4
CMA,4
CMM,4
CLF,4
YMB,4
YMK,4
YMI,4
YMA,4
YME,4
CMJ,4
YMX,4
BVL,4
YMR,4
YGX,4
YMT,4
VIY,4
UCL,4
IFR,4
IFT,4
IFB,4
GLX,4
DXH,4
DXV,4
DNI,4
DOV,4
DXN,4
DXC,4
DXK,4
IFD,4
DNE,4
DXE,4
DXD,4
DOG,4
DNY,4
DXI,4
DXJ,4
IFV,4
DXX,4
DXA,4
DXT,4
DXF,4
DNT,4
DNS,4
DXQ,4
DXO,4
DXL,4
GKX,4
IFX,4
DON,4
DRP,4
YIH,4
YSQ,4
EGW,4
FIV,4
FIF,4
GKV,4
GQH,4
GCK,4
GKL,4
GCV,4
GKR,4
GKG,4
GKU,4
UCR,4
UCP,4
GCJ,4
GCC,4
GLV,4
GJF,4
GKO,4
GCD,4
YRX,4
YTQ,4
YOH,4
NPQ,4
HXD,4
ZHA,4
GEX,4
JPB,4
PQV,4
GEC,4
IMA,4
IMX,4
IGQ,4
IMR,4
IOJ,4
IGH,4
IMP,4
ELV,4
ERX,4
TNX,4
AVI,4
DSG,4
IMV,4
IML,4
IMT,4
KTR,4
KTX,4
LQI,4
KLX,4
KKI,4
KKP,4
EWQ,4
EWX,4
LQB,4
EKL,4
NQE,4
LQU,4
ULK,4
KKT,4
KKO,4
HCL,4
MTV,4
QZW,4
QZX,4
CLT,4
ULT,4
EQR,4
MQC,4
MQJ,4
UTL,4
UTA,4
UTM,4
UTE,4
UOQ,4
UQX,4
MQH,4
MQD,4
MQG,4
MQS,4
MQK,4
MQO,4
MQQ,4
AQS,4
MKQ,4
WMC,4
AQF,4
MQX,4
MQN,4
AQG,4
MQZ,4
MQY,4
MAG,4
AQJ,4
MQR,4
CLB,4
MQM,4
MQW,4
HVV,4
AQW,4
WMX,4
MAT,4
MWQ,4
MUN,4
QHD,4
UNE,4
ZEC,4
RIX,4
RGQ,4
RGD,4
PQQ,4
ULO,4
ULV,4
SSD,4
TSX,4
TQK,4
TQU,4
TQZ,4
EQB,4
USG,4
EQM,4
LQG,4
DJC,4
CLM,4
KDS,4
EQT,4
EBX,4
EQU,4
EQV,4
AFQ,4
AKX,4
CLS,4
MWA,4
YTK,4
BFF,4
BFH,4
YUM,4
LFN,4
LFS,4
LFF,4
GKD,4
IHR,4
NJX,4
KUK,4
UUH,4
DJM,4
DJD,4
DLC,4
DJB,4
DJF,4
DJU,4
DJE,4
DJQ,4
DJX,4
DJN,4
DJH,4
DLQ,4
TVS,4
DJI,4
MOD,4
DJK,4
DJO,4
MUJ,4
MYC,4
MSC,4
CHC,4
MUS,4
MUK,4
PQJ,4
MYA,4
YEG,4
MSR,4
MUZ,4
MSL,4
YEP,4
YER,4
MSM,4
YUP,4
MSV,4
MYV,4
MSX,4
XMS,4
YUO,4
YUD,4
YUS,4
MSI,4
DOF,4
FRB,4
EQO,4
OLQ,4
YDH,4
KAN,4
OYL,4
KAY,4
OYI,4
OYU,4
KBL,4
DDO,4
LFI,4
OYA,4
CSI,4
OYS,4
OYR,4
OYM,4
OYG,4
OGZ,4
KRL,4
YKG,4
DDF,4
IOK,4
QOS,4
UOG,4
KOU,4
OCH,4
ODE,4
OYF,4
DRY,4
OYH,4
OFO,4
KNP,4
CSC,4
OYC,4
OST,4
OYX,4
OGQ,4
OAH,4
ODW,4
OBF,4
OAQ,4
OYN,4
KOL,4
OAK,4
KOM,4
KOX,4
OZX,4
IOM,4
YIU,4
PIX,4
PKH,4
BQS,4
FLK,4
FOO,4
YPK,4
MJX,4
BEQ,4
FOD,4
BQM,4
BQD,4
TXP,4
BQT,4
FJX,4
IAK,4
NAJ,4
TQF,4
PJQ,4
PQB,4
TQM,4
TQX,4
TQE,4
NNW,4
TQC,4
TQY,4
RNY,4
IDX,4
UNA,4
UNF,4
FWX,4
HXF,4
GQM,4
HUQ,4
NUY,4
GQE,4
GIF,4
GJT,4
GJQ,4
GJU,4
GJD,4
GIX,4
OIF,4
UTN,4
FSV,4
UNU,4
UJX,4
TEW,4
EHJ,4
TPV,4
OSH,4
PNX,4
PTE,4
PNF,4
IKM,4
IZX,4
IKN,4
IKP,4
IKH,4
IKI,4
IKS,4
PNM,4
IDR,4
IDM,4
TXX,4
OBN,4
TUW,4
EMQ,4
SRZ,4
XML,4
FRL,4
ZNB,4
SVT,4
KUT,4
ZNC,4
UUT,4
UUX,4
TLX,4
TEY,4
GLW,4
TGZ,4
TEX,4
GHX,4
OMX,4
SVU,4
EQK,4
RAE,4
ENY,4
EGN,4
CLR,4
ONK,4
RAC,4
RAP,4
FLJ,4
OEX,4
SVD,4
FLC,4
EQE,4
EQI,4
EQX,4
RAZ,4
SOI,4
UOX,4
EQH,4
LNX,4
ULN,4
IQA,4
IQR,4
IQX,4
IQW,4
SQD,4
SGX,4
SVK,4
SVM,4
SQV,4
DYB,4
DUL,4
DSV,4
OOQ,4
ONF,4
DSJ,4
DYD,4
OUQ,4
DZX,4
DYM,4
DYJ,4
YKX,4
GTG,4
DSK,4
MQF,4
ZMC,4
OKC,4
OVX,4
MKD,4
MKZ,4
MCZ,4
KMC,4
TQL,4
TXF,4
TQT,4
TQS,4
TXS,4
EQN,4
ENW,4
TFK,4
LIQ,4
TXH,4
TXT,4
TNZ,4
YMH,4
LLF,4
EIX,4
YIY,4
TQI,4
EQC,4
TLY,4
LLX,4
EQJ,4
TQV,4
TWL,4
BCQ,4
YRK,4
HQY,4
HQN,4
DKX,4
DKC,4
HJQ,4
HIP,4
TDD,4
TDS,4
TDG,4
QQX,4
SWT,4
FSH,4
WCP,4
EPQ,4
HZC,4
ZSU,4
LFK,4
MFC,4
MFY,4
MVS,4
UBD,4
YGR,4
WSD,4
VLI,4
AYQ,4
ITU,4
NKB,4
SZN,4
KNN,4
KNF,4
KNX,4
KNU,4
GFK,4
GFJ,4
GFD,4
GFP,4
KKS,4
KKC,4
KEX,4
DOR,4
VUD,4
VUC,4
TPS,4
BCL,4
KNJ,4
HCA,4
HCJ,4
MXL,4
DNJ,4
EKP,4
EHX,4
ERF,4
EZX,4
FZX,4
FDW,4
FDX,4
KSM,4
KSN,4
KAX,4
IFM,4
RFM,4
EKK,4
EAX,4
MXK,4
MXH,4
HCX,4
UTU,4
UTC,4
DOI,4
DNK,4
DSX,4
DSO,4
DSZ,4
RTV,4
PTS,4
FAG,4
CTG,4
TBC,4
TQJ,4
TQD,4
CLJ,4
VNA,4
PAU,4
VNR,4
FAE,4
TCL,4
FAT,4
IPP,4
NCL,4
EGI,4
SVE,4
CLV,4
IKK,4
ITS,4
ITL,4
ITD,4
ITI,4
IKO,4
IAC,4
ITT,4
ITQ,4
IUX,4
ITJ,4
DOC,4
CLH,4
KFR,4
EGU,4
VEV,4
EGE,4
GTQ,4
EGK,4
VUF,4
RQE,4
SXI,4
XDP,4
XDX,4
TWG,4
TVB,4
TVT,4
TVP,4
QUZ,4
TVL,4
TVM,4
TVV,4
TVW,4
NWP,4
VEN,4
VNI,4
VNG,4
KIP,4
JTT,4
KIK,4
KFA,4
RQC,4
KNK,4
NAQ,4
GFQ,4
KIO,4
RQT,4
KYJ,4
KIU,4
KYM,4
RQG,4
VNU,4
KIG,4
ROQ,4
KTH,4
KID,4
VEX,4
KIS,4
KMT,4
TVR,4
KLK,4
EGA,4
EGQ,4
UCH,5
URS,5
KIM,5
UKB,5
KIT,5
FKG,5
UKQ,5
URM,5
URC,5
ECH,5
URX,5
QHF,6
QHN,6
QHM,6
QHG,6
QHJ,6
QHQ,6
QHK,6
QHH,6
AXU,6
AXJ,6
SSX,6
KOH,6
KJO,6
KJP,6
KJQ,6
KJR,6
KJS,6
KOJ,6
BVW,6
YEV,6
YKV,6
EGZ,6
HYZ,6
MVV,6
MVW,6
MVZ,6
MWB,6
OUV,6
WBO,6
YAQ,6
SSR,6
YXL,6
YEQ,6
QYB,6
QWD,6
SSG,6
SSE,6
MVL,6
MVU,6
YEK,6
DLZ,6
QBJ,6
QHS,6
SPX,6
AZL,9
AVG,9
STF,9
AVC,9
BWJ,9
BHV,9
BHZ,9
DBQ,9
HZA,9
DBT,9
DDM,9
DRQ,9
DBD,9
VER,9
DMG,9
STH,9
HBQ,9
HFY,9
HVZ,9
KZU,9
JVY,9
KZV,9
DTH,9
DRA,9
DSC,9
QWV,9
QBU,9
QBT,9
QAP,9
QDB,9
QAQ,9
RVE,9
RFH,9
RXQ,9
REW,9
TWI,9
TZM,9
ZOR,9
OVA,9
WCF,9
CWD,9
OVQ,9
QNR,9
QNS,9
ECH,9
BXC,9
UOL,9
YGI,9
BXA,9
DBC,9
CVD,9
NUZ,9
DKZ,9
DDS,9
UKH,9
NXK,9
NXD,9
USD,9
UTJ,9
UTQ,9
BCX,9
MVG,9
ECZ,9
UQH,9
GPV,9
GOV,9
UQO,9
UCH,9
URS,9
KIM,9
UKB,9
KIT,9
FKG,9
UKQ,9
URM,9
URC,9
URX,9
OZZ,9
QAA,9
TFW,9
TFY,9
UYD,9
UYF,9
UYI,9
UYN,9
TQG,9
TWV,9
YYC,9
KUE,9
YVV,9
KUQ,9
YGP,9
YGS,9
TKV,9
JPN,9
KZA,9
JPO,9
CUJ,9
CUX,9
JLZ,9
KUH,9
BDX,9
JTQ,9
JCF,9
KHG,9
KHE,9
KGH,9
HZT,9
JBN,9
JCE,9
JHG,9
HFA,9
JCH,9
JCI,9
JCJ,9
JCK,9
JCL,9
JCO,9
JCQ,9
JCW,9
JDB,9
JDD,9
HFC,9
JDE,9
WBX,9
HFT,9
JDG,9
TFQ,9
HFF,9
HFI,9
BDV,9
KUY,9
JCR,9
KUW,9
HFN,9
HHW,9
HOZ,9
HIZ,9
MZH,9
QHO,9
TKG,9
TVK,9
EHV,9
JGQ,9
QEY,9
QAB,9
QAG,9
QAK,9
RXO,9
JNG,9
KUN,9
JPQ,9
JPR,9
JPT,9
JPU,9
JPW,9
HLX,9
JDZ,9
TXQ,9
HFQ,9
JCV,9
HFE,9
JCC,9
AVZ,9
AWC,9
AVV,9
BEV,9
OEQ,9
GHJ,9
QCX,9
OZB,9
OZC,9
OZD,9
OJF,9
OZL,9
OIZ,9
OJV,9
OLW,9
OVW,9
OQW,9
OWP,9
OOY,9
GAS,10
WPZ,10
OHX,10
OHQ,10
KKR,10
KKX,10
AJV,10
DMW,10
KWH,10
DMX,10
YJX,10
WHE,10
YJA,10
NBT,10
BCP,10
KAD,10
OOX,10
YJU,10
KQU,10
YJS,10
PIZ,10
BQO,10
BEX,10
WUW,10
WUX,10
FOL,10
FPX,10
UNN,10
UFO,10
UON,10
UUB,10
UUN,10
VAX,10
UUE,10
DAL,10
DAW,10
DAX,10
UDW,10
UDX,10
KPR,10
KSS,10
FMG,10
KSC,10
KDE,10
KSF,10
FUQ,10
FAU,10
KSD,10
YRR,10
KST,10
FAD,10
FMS,10
KDH,10
XIX,10
KSX,10
FAR,10
FAX,10
KTQ,10
KHR,10
KHV,10
PVC,10
KYY,10
KEC,10
KEE,10
RVF,10
KEN,10
RVS,10
RVA,10
RVV,10
KOC,10
YEC,10
TBJ,10
KNB,10
KOK,10
KNE,10
KNV,10
KNG,10
KNL,10
KOE,10
KOV,10
KOO,10
KOQ,10
KNQ,10
KOA,10
KUJ,10
KUM,10
KUX,10
XUX,10
KFK,10
KFB,10
KFM,10
LXA,10
VXR,10
VXU,10
KPJ,10
KWX,10
KDF,10
KPB,10
KDX,10
KDU,10
KDY,10
KPE,10
KPI,10
KXX,10
KRS,10
YVG,10
YPH,10
YRL,10
YQV,10
YEA,10
YPG,10
YEJ,10
YPZ,10
YQA,10
YEM,10
YRV,10
YQB,10
YQH,10
YQD,10
YQU,10
YQE,10
YQR,10
YQN,10
YQS,10
YQL,10
YQY,10
YQO,10
YQX,10
YQM,10
YRT,10
YQC,10
YRQ,10
ZAX,10
DBU,10
KSH,10
FKL,10
FSD,10
UOZ,10
IUO,10
UPK,10
GQG,10
UQS,10
FST,10
FKX,10
FUN,10
FUL,10
FSO,10
LZN,10
FUK,10
FSY,10
JSI,10
UVX,10
FIU,10
FIG,10
DFX,10
FSX,10
FSK,10
DDL,10
FSB,10
FSU,10
FSM,10
TBB,10
FSE,10
GHN,10
UQN,10
ABM,10
DZS,10
AIZ,10
UQK,10
UQL,10
UQM,10
AJF,10
ABR,10
LQQ,10
LQW,10
HSW,10
ABP,10
ABG,10
LGX,10
ABJ,10
HAZ,10
LIY,10
LGW,10
HTW,10
HJV,10
ABF,10
HLT,10
HRW,10
ABX,10
JQG,10
HRQ,10
HBM,10
HRX,10
JJX,10
PEE,10
PER,10
EKQ,10
EKG,10
EQP,10
NDY,10
LRZ,10
LQT,10
KJX,10
LQJ,10
LDZ,10
LDX,10
JYW,10
JYX,10
EBD,10
EBM,10
YHS,10
WJT,10
WKO,10
WHX,10
WKQ,10
NFX,10
MGZ,10
UGK,10
NGK,10
VLM,10
UGO,10
UGC,10
UGT,10
UGX,10
IRR,10
MJQ,10
IRM,10
IRN,10
IRK,10
IRZ,10
UIN,10
VGX,10
AIW,10
NCX,10
CZH,10
RPN,10
HZX,10
NSF,10
NSX,10
VXV,10
HXJ,10
UUQ,10
UTS,10
UTH,10
KCE,10
FTR,10
DRT,10
URK,10
UTD,10
HXH,10
OBX,10
FLM,10
JLX,10
HXU,10
UXT,10
UXP,10
HXK,10
HXX,10
KCO,10
UXR,10
FTY,10
FTG,10
MXX,10
UUR,10
KCK,10
KFT,10
UXU,10
FNT,10
KEV,10
BOY,10
ISO,10
HQM,10
ISD,10
HSV,10
HGZ,10
HQJ,10
YJL,10
CHQ,10
HBF,10
HQK,10
UPX,10
HSZ,10
UPQ,10
UQP,10
HIW,10
YJT,10
HUZ,10
RPW,10
RQR,10
HXR,10
KSB,10
BOQ,10
FNX,10
SNE,10
FLO,10
MUE,10
IBX,10
UNX,10
ULJ,10
NBX,10
NAZ,10
NJR,10
NJD,10
NJA,10
NJO,10
NKC,10
III,10
NKN,10
YCJ,10
IIL,10
NJN,10
IIR,10
NSQ,10
UNQ,10
NDX,10
NTZ,10
NKO,10
TCX,10
UTP,10
OKY,10
NVA,10
OKU,10
UTF,10
NJV,10
UMU,10
NKA,10
NKD,10
NJU,10
UTG,10
NVJ,10
OLZ,10
NKT,10
YDI,10
NJC,10
NKK,10
NJS,10
NKM,10
NKV,10
NJL,10
NJB,10
NKH,10
NKS,10
NVE,10
OKM,10
NJT,10
UIX,10
NIX,10
NQL,10
NQB,10
NQC,10
NQK,10
NJE,10
NQS,10
NQI,10
NQQ,10
NQO,10
NQP,10
NQJ,10
OXX,10
OVG,10
OVI,10
OVV,10
OVS,10
OVC,10
OVF,10
OVN,10
OVU,10
OVL,10
OVR,10
OVT,10
OVO,10
VVV,10
CZD,10
HNY,10
QTE,10
QTI,10
QPM,10
WPT,10
KNO,10
NCI,10
NKG,10
QTV,10
LQC,10
LQN,10
PQX,10
LQF,10
PXQ,10
NCJ,10
LQR,10
LQY,10
KNT,10
LPZ,10
DSN,10
DSD,10
DSR,10
KED,10
TBP,10
KHQ,10
KHO,10
KHC,10
TBX,10
TXE,10
RCQ,10
AZG,10
KVX,10
FMB,10
FEW,10
FEX,10
YYW,10
YYX,10
AGJ,10
YJF,10
YMJ,10
YMM,10
YMN,10
KMU,10
KRN,10
KMO,10
YUI,10
KMR,10
KRJ,10
YUJ,10
YUY,10
YUL,10
DQH,10
FNJ,10
FNS,10
FNG,10
FNL,10
QST,10
COO,10
BPX,10
BQA,10
BQN,10
BQI,10
BQW,10
BQH,10
BQJ,10
IBF,10
QSS,10
QSP,10
RXR,10
TBG,10
RXU,10
TBV,10
QSR,10
RXL,10
QSA,10
TBI,10
QSI,10
QSU,10
QSG,10
TBQ,10
QSN,10
MBQ,10
QSE,10
QSM,10
QSL,10
UGA,10
QSB,10
SXJ,10
QSD,10
QSV,10
CON,10
JTX,10
TBE,10
QPB,10
ULH,10
BQK,10
BQE,10
BQQ,10
JVX,10
MZX,10
OAC,10
TOQ,10
TAV,10
OSZ,10
QTO,10
QTT,10
TPX,10
TOY,10
MGH,10
MEZ,10
TSH,10
MDX,10
NQA,10
NQM,10
MND,10
NQU,10
OAW,10
JKU,10
UMV,10
UBT,10
DOW,10
GFX,10
RQN,10
GBJ,10
GBX,10
TKW,10
GBQ,10
KOT,10
KCJ,10
KOI,10
GIH,10
GJI,10
KUI,10
GBW,10
EQF,10
KON,10
GIZ,10
KOZ,10
EQY,10
GJM,10
GKE,10
KLQ,10
GBY,10
JUX,10
TKX,10
GJR,10
RQH,10
RQM,10
GJV,10
BZW,10
YXA,10
UBY,10
UAX,10
VST,10
VSU,10
VSP,10
VSK,10
VSE,10
GSH,10
TOS,10
UBN,10
QAT,10
UBX,10
UBF,10
UBQ,10
IPT,10
LQK,10
UOT,10
QAU,10
QAS,10
IPU,10
UBR,10
UBH,10
UOB,10
UOI,10
HOW,10
UOO,10
UOR,10
TMZ,10
GIW,10
AJR,10
UOS,10
UBE,10
UOA,10
UXS,10
YSX,10
UIY,10
UCJ,10
URJ,10
LFJ,10
YSY,10
KFU,10
UID,10
UTO,10
ULR,10
URO,10
UIR,10
QIM,10
DDX,10
UOE,10
UBL,10
GFZ,10
DVW,10
DVX,10
AJO,10
WTW,10
WTX,10
GVO,10
ZDF,10
YBV,10
VCP,10
HVC,10
EOQ,10
YBO,10
YBM,10
EOX,10
VLU,10
YBP,10
YBG,10
YBC,10
VLV,10
CXY,10
XFO,10
ANE,12
HER,12
PIL,12
SPR,12
MAC,12
POL,13
POK,13
WHG,13
HKE,13
BIB,13
XOD,13
BSS,13
GSU,13
BRB,13
SBG,13
SBP,13
QZH,13
SWA,13
BLL,13
SOL,13
TUR,13
SRA,13
GUY,13
XSX,13
YYC,14
KUE,14
YVV,14
KUQ,14
YGP,14
YGS,14
TKV,14
JPN,14
KZA,14
JPO,14
CUJ,14
CUX,14
JLZ,14
KUH,14
BDX,14
JTQ,14
JCF,14
KHG,14
KHE,14
KGH,14
HZT,14
JBN,14
JCE,14
JHG,14
HFA,14
JCH,14
JCI,14
JCJ,14
JCK,14
JCL,14
JCO,14
JCQ,14
JCW,14
JDB,14
JDD,14
HFC,14
JDE,14
WBX,14
HFT,14
JDG,14
TFQ,14
HFF,14
HFI,14
BDV,14
KUY,14
JCR,14
KUW,14
HFN,14
HHW,14
HOZ,14
HIZ,14
MZH,14
QHO,14
TKG,14
TVK,14
EHV,14
JGQ,14
QEY,14
QAB,14
QAG,14
QAK,14
RXO,14
JNG,14
KUN,14
JPQ,14
JPR,14
JPT,14
JPU,14
JPW,14
HLX,14
JDZ,14
TXQ,14
HFQ,14
JCV,14
HFE,14
JCC,14
COL,15